"res_site_id","site_id","site_code","station","sampledate","variable","value","flag"
"717","32","SEV","PECOS_R","2020-03-15T00:00:00.000Z","DSCH","1948.20","G"
"717","32","SEV","PECOS_R","2020-03-16T00:00:00.000Z","DSCH","1905.72","G"
"717","32","SEV","PECOS_R","2020-03-17T00:00:00.000Z","DSCH","1973.68","G"
"717","32","SEV","PECOS_R","2020-03-18T00:00:00.000Z","DSCH","1922.71","G"
"717","32","SEV","PECOS_R","2020-03-19T00:00:00.000Z","DSCH","1871.74","G"
"717","32","SEV","PECOS_R","2020-03-20T00:00:00.000Z","DSCH","1636.71","G"
"717","32","SEV","PECOS_R","2020-03-21T00:00:00.000Z","DSCH","1602.73","G"
"717","32","SEV","PECOS_R","2020-03-22T00:00:00.000Z","DSCH","1614.06","G"
"717","32","SEV","PECOS_R","2020-03-23T00:00:00.000Z","DSCH","1659.37","G"
"717","32","SEV","PECOS_R","2020-03-24T00:00:00.000Z","DSCH","1783.96","G"
"717","32","SEV","PECOS_R","2020-03-25T00:00:00.000Z","DSCH","1990.67","G"
"717","32","SEV","PECOS_R","2020-03-26T00:00:00.000Z","DSCH","2285.17","G"
"717","32","SEV","PECOS_R","2020-03-27T00:00:00.000Z","DSCH","2514.54","G"
"717","32","SEV","PECOS_R","2020-03-28T00:00:00.000Z","DSCH","2203.05","G"
"717","32","SEV","PECOS_R","2020-03-29T00:00:00.000Z","DSCH","1951.03","G"
"717","32","SEV","PECOS_R","2020-03-30T00:00:00.000Z","DSCH","1917.05","G"
"717","32","SEV","PECOS_R","2020-03-31T00:00:00.000Z","DSCH","1749.98","G"
"717","32","SEV","PECOS_R","2020-04-01T00:00:00.000Z","DSCH","2027.49","G"
"717","32","SEV","PECOS_R","2020-04-02T00:00:00.000Z","DSCH","2503.21","G"
"717","32","SEV","PECOS_R","2020-04-03T00:00:00.000Z","DSCH","2944.95","G"
"717","32","SEV","PECOS_R","2020-04-04T00:00:00.000Z","DSCH","3114.85","G"
"717","32","SEV","PECOS_R","2020-04-05T00:00:00.000Z","DSCH","3228.12","G"
"717","32","SEV","PECOS_R","2020-04-06T00:00:00.000Z","DSCH","3539.61","G"
"717","32","SEV","PECOS_R","2020-04-07T00:00:00.000Z","DSCH","3822.77","G"
"717","32","SEV","PECOS_R","2020-04-08T00:00:00.000Z","DSCH","4162.58","G"
"717","32","SEV","PECOS_R","2020-04-09T00:00:00.000Z","DSCH","4502.38","G"
"717","32","SEV","PECOS_R","2020-04-10T00:00:00.000Z","DSCH","4813.86","G"
"717","32","SEV","PECOS_R","2020-04-11T00:00:00.000Z","DSCH","4813.86","G"
"717","32","SEV","PECOS_R","2020-04-12T00:00:00.000Z","DSCH","4785.55","G"
"717","32","SEV","PECOS_R","2020-04-13T00:00:00.000Z","DSCH","4474.06","G"
"717","32","SEV","PECOS_R","2020-04-14T00:00:00.000Z","DSCH","3964.36","G"
"717","32","SEV","PECOS_R","2020-04-15T00:00:00.000Z","DSCH","3567.92","G"
"717","32","SEV","PECOS_R","2020-04-16T00:00:00.000Z","DSCH","3511.29","G"
"717","32","SEV","PECOS_R","2020-04-17T00:00:00.000Z","DSCH","3482.97","G"
"717","32","SEV","PECOS_R","2020-04-18T00:00:00.000Z","DSCH","3539.61","G"
"717","32","SEV","PECOS_R","2020-04-19T00:00:00.000Z","DSCH","3539.61","G"
"717","32","SEV","PECOS_R","2020-04-20T00:00:00.000Z","DSCH","3737.82","G"
"717","32","SEV","PECOS_R","2020-04-21T00:00:00.000Z","DSCH","4134.26","G"
"717","32","SEV","PECOS_R","2020-04-22T00:00:00.000Z","DSCH","4643.96","G"
"717","32","SEV","PECOS_R","2020-04-23T00:00:00.000Z","DSCH","4927.13","G"
"717","32","SEV","PECOS_R","2020-04-24T00:00:00.000Z","DSCH","5266.93","G"
"717","32","SEV","PECOS_R","2020-04-25T00:00:00.000Z","DSCH","5804.95","G"
"717","32","SEV","PECOS_R","2020-04-26T00:00:00.000Z","DSCH","6427.92","G"
"717","32","SEV","PECOS_R","2020-04-27T00:00:00.000Z","DSCH","7673.87","G"
"717","32","SEV","PECOS_R","2020-04-28T00:00:00.000Z","DSCH","9571.10","G"
"717","32","SEV","PECOS_R","2020-04-29T00:00:00.000Z","DSCH","11978.03","G"
"717","32","SEV","PECOS_R","2020-04-30T00:00:00.000Z","DSCH","13535.45","G"
"717","32","SEV","PECOS_R","2020-05-01T00:00:00.000Z","DSCH","16650.31","G"
"717","32","SEV","PECOS_R","2020-05-02T00:00:00.000Z","DSCH","19198.82","G"
"717","32","SEV","PECOS_R","2020-05-03T00:00:00.000Z","DSCH","18236.05","G"
"717","32","SEV","PECOS_R","2020-05-04T00:00:00.000Z","DSCH","17811.30","G"
"717","32","SEV","PECOS_R","2020-05-05T00:00:00.000Z","DSCH","16791.89","G"
"717","32","SEV","PECOS_R","2020-05-06T00:00:00.000Z","DSCH","15347.73","G"
"717","32","SEV","PECOS_R","2020-05-07T00:00:00.000Z","DSCH","14073.47","G"
"717","32","SEV","PECOS_R","2020-05-08T00:00:00.000Z","DSCH","13025.75","G"
"717","32","SEV","PECOS_R","2020-05-09T00:00:00.000Z","DSCH","11864.76","G"
"717","32","SEV","PECOS_R","2020-05-10T00:00:00.000Z","DSCH","10760.40","G"
"717","32","SEV","PECOS_R","2020-05-11T00:00:00.000Z","DSCH","10533.87","G"
"717","32","SEV","PECOS_R","2020-05-12T00:00:00.000Z","DSCH","9457.83","G"
"717","32","SEV","PECOS_R","2020-05-13T00:00:00.000Z","DSCH","8580.01","G"
"717","32","SEV","PECOS_R","2020-05-14T00:00:00.000Z","DSCH","7900.40","G"
"717","32","SEV","PECOS_R","2020-05-15T00:00:00.000Z","DSCH","7305.75","G"
"717","32","SEV","PECOS_R","2020-05-16T00:00:00.000Z","DSCH","6484.56","G"
"717","32","SEV","PECOS_R","2020-05-17T00:00:00.000Z","DSCH","5918.22","G"
"717","32","SEV","PECOS_R","2020-05-18T00:00:00.000Z","DSCH","5833.27","G"
"717","32","SEV","PECOS_R","2020-05-19T00:00:00.000Z","DSCH","5691.69","G"
"717","32","SEV","PECOS_R","2020-05-20T00:00:00.000Z","DSCH","5408.52","G"
"717","32","SEV","PECOS_R","2020-05-21T00:00:00.000Z","DSCH","5125.35","G"
"717","32","SEV","PECOS_R","2020-05-22T00:00:00.000Z","DSCH","4785.55","G"
"717","32","SEV","PECOS_R","2020-05-23T00:00:00.000Z","DSCH","4502.38","G"
"717","32","SEV","PECOS_R","2020-05-24T00:00:00.000Z","DSCH","4275.84","G"
"717","32","SEV","PECOS_R","2020-05-25T00:00:00.000Z","DSCH","4190.89","G"
"717","32","SEV","PECOS_R","2020-05-26T00:00:00.000Z","DSCH","4049.31","G"
"717","32","SEV","PECOS_R","2020-05-27T00:00:00.000Z","DSCH","3766.14","G"
"717","32","SEV","PECOS_R","2020-05-28T00:00:00.000Z","DSCH","3681.19","G"
"717","32","SEV","PECOS_R","2020-05-29T00:00:00.000Z","DSCH","3624.56","G"
"717","32","SEV","PECOS_R","2020-05-30T00:00:00.000Z","DSCH","3567.92","G"
"717","32","SEV","PECOS_R","2020-05-31T00:00:00.000Z","DSCH","3879.41","G"
"717","32","SEV","PECOS_R","2020-06-01T00:00:00.000Z","DSCH","3794.46","G"
"717","32","SEV","PECOS_R","2020-06-02T00:00:00.000Z","DSCH","3794.46","G"
"717","32","SEV","PECOS_R","2020-06-03T00:00:00.000Z","DSCH","3624.56","G"
"717","32","SEV","PECOS_R","2020-06-04T00:00:00.000Z","DSCH","3369.71","G"
"717","32","SEV","PECOS_R","2020-06-05T00:00:00.000Z","DSCH","3171.49","G"
"717","32","SEV","PECOS_R","2020-06-06T00:00:00.000Z","DSCH","3143.17","G"
"717","32","SEV","PECOS_R","2020-06-07T00:00:00.000Z","DSCH","2973.27","G"
"717","32","SEV","PECOS_R","2020-06-08T00:00:00.000Z","DSCH","2780.71","G"
"717","32","SEV","PECOS_R","2020-06-09T00:00:00.000Z","DSCH","2650.46","G"
"717","32","SEV","PECOS_R","2020-06-10T00:00:00.000Z","DSCH","2537.19","G"
"717","32","SEV","PECOS_R","2020-06-11T00:00:00.000Z","DSCH","2387.11","G"
"717","32","SEV","PECOS_R","2020-06-12T00:00:00.000Z","DSCH","2313.49","G"
"717","32","SEV","PECOS_R","2020-06-13T00:00:00.000Z","DSCH","2290.83","G"
"717","32","SEV","PECOS_R","2020-06-14T00:00:00.000Z","DSCH","2256.85","G"
"717","32","SEV","PECOS_R","2020-06-15T00:00:00.000Z","DSCH","2103.94","G"
"717","32","SEV","PECOS_R","2020-06-16T00:00:00.000Z","DSCH","2044.48","G"
"717","32","SEV","PECOS_R","2020-06-17T00:00:00.000Z","DSCH","1874.58","G"
"717","32","SEV","PECOS_R","2020-06-18T00:00:00.000Z","DSCH","1761.31","G"
"717","32","SEV","PECOS_R","2020-06-19T00:00:00.000Z","DSCH","1693.35","G"
"717","32","SEV","PECOS_R","2020-06-20T00:00:00.000Z","DSCH","1622.56","G"
"717","32","SEV","PECOS_R","2020-06-21T00:00:00.000Z","DSCH","1546.10","G"
"717","32","SEV","PECOS_R","2020-06-22T00:00:00.000Z","DSCH","1492.30","G"
"717","32","SEV","PECOS_R","2020-06-23T00:00:00.000Z","DSCH","1452.65","G"
"717","32","SEV","PECOS_R","2020-06-24T00:00:00.000Z","DSCH","1421.51","G"
"717","32","SEV","PECOS_R","2020-06-25T00:00:00.000Z","DSCH","1376.20","G"
"717","32","SEV","PECOS_R","2020-06-26T00:00:00.000Z","DSCH","1333.72","G"
"717","32","SEV","PECOS_R","2020-06-27T00:00:00.000Z","DSCH","1288.42","G"
"717","32","SEV","PECOS_R","2020-06-28T00:00:00.000Z","DSCH","1223.29","G"
"717","32","SEV","PECOS_R","2020-06-29T00:00:00.000Z","DSCH","1183.64","G"
"717","32","SEV","PECOS_R","2020-06-30T00:00:00.000Z","DSCH","1129.84","G"
"717","32","SEV","PECOS_R","2020-07-01T00:00:00.000Z","DSCH","1093.03","G"
"717","32","SEV","PECOS_R","2020-07-02T00:00:00.000Z","DSCH","1073.21","G"
"717","32","SEV","PECOS_R","2020-07-03T00:00:00.000Z","DSCH","1112.85","G"
"717","32","SEV","PECOS_R","2020-07-04T00:00:00.000Z","DSCH","1237.45","G"
"717","32","SEV","PECOS_R","2020-07-05T00:00:00.000Z","DSCH","1121.35","G"
"717","32","SEV","PECOS_R","2020-07-06T00:00:00.000Z","DSCH","1061.88","G"
"717","32","SEV","PECOS_R","2020-07-07T00:00:00.000Z","DSCH","1010.91","G"
"717","32","SEV","PECOS_R","2020-07-08T00:00:00.000Z","DSCH","968.44","G"
"717","32","SEV","PECOS_R","2020-07-09T00:00:00.000Z","DSCH","923.13","G"
"717","32","SEV","PECOS_R","2020-07-10T00:00:00.000Z","DSCH","883.49","G"
"717","32","SEV","PECOS_R","2020-07-11T00:00:00.000Z","DSCH","852.34","G"
"717","32","SEV","PECOS_R","2020-07-12T00:00:00.000Z","DSCH","846.67","G"
"717","32","SEV","PECOS_R","2020-07-13T00:00:00.000Z","DSCH","846.67","G"
"717","32","SEV","PECOS_R","2020-07-14T00:00:00.000Z","DSCH","824.02","G"
"717","32","SEV","PECOS_R","2020-07-15T00:00:00.000Z","DSCH","860.83","G"
"717","32","SEV","PECOS_R","2020-07-16T00:00:00.000Z","DSCH","855.17","G"
"717","32","SEV","PECOS_R","2020-07-17T00:00:00.000Z","DSCH","872.16","G"
"717","32","SEV","PECOS_R","2020-07-18T00:00:00.000Z","DSCH","849.51","G"
"717","32","SEV","PECOS_R","2020-07-19T00:00:00.000Z","DSCH","866.50","G"
"717","32","SEV","PECOS_R","2020-07-20T00:00:00.000Z","DSCH","1127.01","G"
"717","32","SEV","PECOS_R","2020-07-21T00:00:00.000Z","DSCH","971.27","G"
"717","32","SEV","PECOS_R","2020-07-22T00:00:00.000Z","DSCH","962.77","G"
"717","32","SEV","PECOS_R","2020-07-23T00:00:00.000Z","DSCH","869.33","G"
"717","32","SEV","PECOS_R","2020-07-24T00:00:00.000Z","DSCH","1183.64","G"
"717","32","SEV","PECOS_R","2020-07-25T00:00:00.000Z","DSCH","1432.83","G"
"717","32","SEV","PECOS_R","2020-07-26T00:00:00.000Z","DSCH","1472.48","G"
"717","32","SEV","PECOS_R","2020-07-27T00:00:00.000Z","DSCH","1144.00","G"
"717","32","SEV","PECOS_R","2020-07-28T00:00:00.000Z","DSCH","1738.65","G"
"717","32","SEV","PECOS_R","2020-07-29T00:00:00.000Z","DSCH","1194.97","G"
"717","32","SEV","PECOS_R","2020-07-30T00:00:00.000Z","DSCH","979.76","G"
"717","32","SEV","PECOS_R","2020-07-31T00:00:00.000Z","DSCH","900.48","G"
"718","32","SEV","RIO_G","2020-03-11T00:00:00.000Z","DSCH","22880.01","G"
"718","32","SEV","RIO_G","2020-03-12T00:00:00.000Z","DSCH","23757.84","G"
"718","32","SEV","RIO_G","2020-03-13T00:00:00.000Z","DSCH","25626.75","G"
"718","32","SEV","RIO_G","2020-03-14T00:00:00.000Z","DSCH","27495.66","G"
"718","32","SEV","RIO_G","2020-03-15T00:00:00.000Z","DSCH","26504.57","G"
"718","32","SEV","RIO_G","2020-03-16T00:00:00.000Z","DSCH","26589.52","G"
"718","32","SEV","RIO_G","2020-03-17T00:00:00.000Z","DSCH","26646.16","G"
"718","32","SEV","RIO_G","2020-03-18T00:00:00.000Z","DSCH","26532.89","G"
"718","32","SEV","RIO_G","2020-03-19T00:00:00.000Z","DSCH","26759.42","G"
"718","32","SEV","RIO_G","2020-03-20T00:00:00.000Z","DSCH","27693.88","G"
"718","32","SEV","RIO_G","2020-03-21T00:00:00.000Z","DSCH","29166.36","G"
"718","32","SEV","RIO_G","2020-03-22T00:00:00.000Z","DSCH","29166.36","G"
"718","32","SEV","RIO_G","2020-03-23T00:00:00.000Z","DSCH","26901.01","G"
"718","32","SEV","RIO_G","2020-03-24T00:00:00.000Z","DSCH","24947.14","G"
"718","32","SEV","RIO_G","2020-03-25T00:00:00.000Z","DSCH","24437.44","G"
"718","32","SEV","RIO_G","2020-03-26T00:00:00.000Z","DSCH","24097.64","G"
"718","32","SEV","RIO_G","2020-03-27T00:00:00.000Z","DSCH","24324.17","G"
"718","32","SEV","RIO_G","2020-03-28T00:00:00.000Z","DSCH","23729.52","G"
"718","32","SEV","RIO_G","2020-03-29T00:00:00.000Z","DSCH","23021.60","G"
"718","32","SEV","RIO_G","2020-03-30T00:00:00.000Z","DSCH","22568.53","G"
"718","32","SEV","RIO_G","2020-03-31T00:00:00.000Z","DSCH","21832.29","G"
"718","32","SEV","RIO_G","2020-04-01T00:00:00.000Z","DSCH","20926.15","G"
"718","32","SEV","RIO_G","2020-04-02T00:00:00.000Z","DSCH","21832.29","G"
"718","32","SEV","RIO_G","2020-04-03T00:00:00.000Z","DSCH","22540.21","G"
"718","32","SEV","RIO_G","2020-04-04T00:00:00.000Z","DSCH","22172.09","G"
"718","32","SEV","RIO_G","2020-04-05T00:00:00.000Z","DSCH","20642.98","G"
"718","32","SEV","RIO_G","2020-04-06T00:00:00.000Z","DSCH","22172.09","G"
"718","32","SEV","RIO_G","2020-04-07T00:00:00.000Z","DSCH","23248.13","G"
"718","32","SEV","RIO_G","2020-04-08T00:00:00.000Z","DSCH","22795.06","G"
"718","32","SEV","RIO_G","2020-04-09T00:00:00.000Z","DSCH","23927.74","G"
"718","32","SEV","RIO_G","2020-04-10T00:00:00.000Z","DSCH","24380.81","G"
"718","32","SEV","RIO_G","2020-04-11T00:00:00.000Z","DSCH","25400.21","G"
"718","32","SEV","RIO_G","2020-04-12T00:00:00.000Z","DSCH","25655.07","G"
"718","32","SEV","RIO_G","2020-04-13T00:00:00.000Z","DSCH","27099.23","G"
"718","32","SEV","RIO_G","2020-04-14T00:00:00.000Z","DSCH","24720.61","G"
"718","32","SEV","RIO_G","2020-04-15T00:00:00.000Z","DSCH","21945.56","G"
"718","32","SEV","RIO_G","2020-04-16T00:00:00.000Z","DSCH","20699.62","G"
"718","32","SEV","RIO_G","2020-04-17T00:00:00.000Z","DSCH","19510.31","G"
"718","32","SEV","RIO_G","2020-04-18T00:00:00.000Z","DSCH","18689.12","G"
"718","32","SEV","RIO_G","2020-04-19T00:00:00.000Z","DSCH","20982.79","G"
"718","32","SEV","RIO_G","2020-04-20T00:00:00.000Z","DSCH","20416.45","G"
"718","32","SEV","RIO_G","2020-04-21T00:00:00.000Z","DSCH","21973.88","G"
"718","32","SEV","RIO_G","2020-04-22T00:00:00.000Z","DSCH","23644.57","G"
"718","32","SEV","RIO_G","2020-04-23T00:00:00.000Z","DSCH","25456.85","G"
"718","32","SEV","RIO_G","2020-04-24T00:00:00.000Z","DSCH","26108.14","G"
"718","32","SEV","RIO_G","2020-04-25T00:00:00.000Z","DSCH","27099.23","G"
"718","32","SEV","RIO_G","2020-04-26T00:00:00.000Z","DSCH","26391.30","G"
"718","32","SEV","RIO_G","2020-04-27T00:00:00.000Z","DSCH","26702.79","G"
"718","32","SEV","RIO_G","2020-04-28T00:00:00.000Z","DSCH","26108.14","G"
"718","32","SEV","RIO_G","2020-04-29T00:00:00.000Z","DSCH","27750.51","G"
"718","32","SEV","RIO_G","2020-04-30T00:00:00.000Z","DSCH","30015.86","G"
"718","32","SEV","RIO_G","2020-05-01T00:00:00.000Z","DSCH","26872.69","G"
"718","32","SEV","RIO_G","2020-05-02T00:00:00.000Z","DSCH","26731.11","G"
"718","32","SEV","RIO_G","2020-05-03T00:00:00.000Z","DSCH","30299.03","G"
"718","32","SEV","RIO_G","2020-05-04T00:00:00.000Z","DSCH","31431.70","G"
"718","32","SEV","RIO_G","2020-05-05T00:00:00.000Z","DSCH","30582.20","G"
"718","32","SEV","RIO_G","2020-05-06T00:00:00.000Z","DSCH","28231.90","G"
"718","32","SEV","RIO_G","2020-05-07T00:00:00.000Z","DSCH","26391.30","G"
"718","32","SEV","RIO_G","2020-05-08T00:00:00.000Z","DSCH","25428.53","G"
"718","32","SEV","RIO_G","2020-05-09T00:00:00.000Z","DSCH","26759.42","G"
"718","32","SEV","RIO_G","2020-05-10T00:00:00.000Z","DSCH","24748.93","G"
"718","32","SEV","RIO_G","2020-05-11T00:00:00.000Z","DSCH","25315.26","G"
"718","32","SEV","RIO_G","2020-05-12T00:00:00.000Z","DSCH","31148.54","G"
"718","32","SEV","RIO_G","2020-05-13T00:00:00.000Z","DSCH","29166.36","G"
"718","32","SEV","RIO_G","2020-05-14T00:00:00.000Z","DSCH","27637.25","G"
"718","32","SEV","RIO_G","2020-05-15T00:00:00.000Z","DSCH","26532.89","G"
"718","32","SEV","RIO_G","2020-05-16T00:00:00.000Z","DSCH","26731.11","G"
"718","32","SEV","RIO_G","2020-05-17T00:00:00.000Z","DSCH","27523.98","G"
"718","32","SEV","RIO_G","2020-05-18T00:00:00.000Z","DSCH","28316.85","G"
"718","32","SEV","RIO_G","2020-05-19T00:00:00.000Z","DSCH","30015.86","G"
"718","32","SEV","RIO_G","2020-05-20T00:00:00.000Z","DSCH","30299.03","G"
"718","32","SEV","RIO_G","2020-05-21T00:00:00.000Z","DSCH","30299.03","G"
"718","32","SEV","RIO_G","2020-05-22T00:00:00.000Z","DSCH","30582.20","G"
"718","32","SEV","RIO_G","2020-05-23T00:00:00.000Z","DSCH","33130.71","G"
"718","32","SEV","RIO_G","2020-05-24T00:00:00.000Z","DSCH","34829.73","G"
"718","32","SEV","RIO_G","2020-05-25T00:00:00.000Z","DSCH","33130.71","G"
"718","32","SEV","RIO_G","2020-05-26T00:00:00.000Z","DSCH","29732.69","G"
"718","32","SEV","RIO_G","2020-05-27T00:00:00.000Z","DSCH","28600.02","G"
"718","32","SEV","RIO_G","2020-05-28T00:00:00.000Z","DSCH","31148.54","G"
"718","32","SEV","RIO_G","2020-05-29T00:00:00.000Z","DSCH","30015.86","G"
"718","32","SEV","RIO_G","2020-05-30T00:00:00.000Z","DSCH","30015.86","G"
"718","32","SEV","RIO_G","2020-05-31T00:00:00.000Z","DSCH","29732.69","G"
"718","32","SEV","RIO_G","2020-06-01T00:00:00.000Z","DSCH","30299.03","G"
"718","32","SEV","RIO_G","2020-06-02T00:00:00.000Z","DSCH","33130.71","G"
"718","32","SEV","RIO_G","2020-06-03T00:00:00.000Z","DSCH","32564.38","G"
"718","32","SEV","RIO_G","2020-06-04T00:00:00.000Z","DSCH","33130.71","G"
"718","32","SEV","RIO_G","2020-06-05T00:00:00.000Z","DSCH","34546.56","G"
"718","32","SEV","RIO_G","2020-06-06T00:00:00.000Z","DSCH","33413.88","G"
"718","32","SEV","RIO_G","2020-06-07T00:00:00.000Z","DSCH","30582.20","G"
"718","32","SEV","RIO_G","2020-06-08T00:00:00.000Z","DSCH","28600.02","G"
"718","32","SEV","RIO_G","2020-06-09T00:00:00.000Z","DSCH","26901.01","G"
"718","32","SEV","RIO_G","2020-06-10T00:00:00.000Z","DSCH","28600.02","G"
"718","32","SEV","RIO_G","2020-06-11T00:00:00.000Z","DSCH","30582.20","G"
"718","32","SEV","RIO_G","2020-06-12T00:00:00.000Z","DSCH","27354.08","G"
"718","32","SEV","RIO_G","2020-06-13T00:00:00.000Z","DSCH","26731.11","G"
"718","32","SEV","RIO_G","2020-06-14T00:00:00.000Z","DSCH","27382.39","G"
"718","32","SEV","RIO_G","2020-06-15T00:00:00.000Z","DSCH","28316.85","G"
"718","32","SEV","RIO_G","2020-06-16T00:00:00.000Z","DSCH","29166.36","G"
"718","32","SEV","RIO_G","2020-06-17T00:00:00.000Z","DSCH","30299.03","G"
"718","32","SEV","RIO_G","2020-06-18T00:00:00.000Z","DSCH","30015.86","G"
"718","32","SEV","RIO_G","2020-06-19T00:00:00.000Z","DSCH","30299.03","G"
"718","32","SEV","RIO_G","2020-06-20T00:00:00.000Z","DSCH","31998.04","G"
"718","32","SEV","RIO_G","2020-06-21T00:00:00.000Z","DSCH","31431.70","G"
"718","32","SEV","RIO_G","2020-06-22T00:00:00.000Z","DSCH","30299.03","G"
"718","32","SEV","RIO_G","2020-06-23T00:00:00.000Z","DSCH","31148.54","G"
"718","32","SEV","RIO_G","2020-06-24T00:00:00.000Z","DSCH","31431.70","G"
"718","32","SEV","RIO_G","2020-06-25T00:00:00.000Z","DSCH","32281.21","G"
"718","32","SEV","RIO_G","2020-06-26T00:00:00.000Z","DSCH","31998.04","G"
"718","32","SEV","RIO_G","2020-06-27T00:00:00.000Z","DSCH","31714.87","G"
"718","32","SEV","RIO_G","2020-06-28T00:00:00.000Z","DSCH","30582.20","G"
"718","32","SEV","RIO_G","2020-06-29T00:00:00.000Z","DSCH","29449.52","G"
"718","32","SEV","RIO_G","2020-06-30T00:00:00.000Z","DSCH","29166.36","G"
"718","32","SEV","RIO_G","2020-07-01T00:00:00.000Z","DSCH","28883.19","G"
"718","32","SEV","RIO_G","2020-07-02T00:00:00.000Z","DSCH","27042.59","G"
"718","32","SEV","RIO_G","2020-07-03T00:00:00.000Z","DSCH","24748.93","G"
"718","32","SEV","RIO_G","2020-07-04T00:00:00.000Z","DSCH","25796.65","G"
"718","32","SEV","RIO_G","2020-07-05T00:00:00.000Z","DSCH","25570.12","G"
"718","32","SEV","RIO_G","2020-07-06T00:00:00.000Z","DSCH","24720.61","G"
"718","32","SEV","RIO_G","2020-07-07T00:00:00.000Z","DSCH","24239.22","G"
"718","32","SEV","RIO_G","2020-07-08T00:00:00.000Z","DSCH","24125.96","G"
"718","32","SEV","RIO_G","2020-07-09T00:00:00.000Z","DSCH","24182.59","G"
"718","32","SEV","RIO_G","2020-07-10T00:00:00.000Z","DSCH","23644.57","G"
"718","32","SEV","RIO_G","2020-07-11T00:00:00.000Z","DSCH","26447.94","G"
"718","32","SEV","RIO_G","2020-07-12T00:00:00.000Z","DSCH","26447.94","G"
"718","32","SEV","RIO_G","2020-07-13T00:00:00.000Z","DSCH","27439.03","G"
"718","32","SEV","RIO_G","2020-07-14T00:00:00.000Z","DSCH","28600.02","G"
"718","32","SEV","RIO_G","2020-07-15T00:00:00.000Z","DSCH","28600.02","G"
"718","32","SEV","RIO_G","2020-07-16T00:00:00.000Z","DSCH","29732.69","G"
"718","32","SEV","RIO_G","2020-07-17T00:00:00.000Z","DSCH","30299.03","G"
"718","32","SEV","RIO_G","2020-07-18T00:00:00.000Z","DSCH","26193.09","G"
"718","32","SEV","RIO_G","2020-07-19T00:00:00.000Z","DSCH","25315.26","G"
"718","32","SEV","RIO_G","2020-07-20T00:00:00.000Z","DSCH","23106.55","G"
"718","32","SEV","RIO_G","2020-07-21T00:00:00.000Z","DSCH","20161.60","G"
"718","32","SEV","RIO_G","2020-07-22T00:00:00.000Z","DSCH","23021.60","G"
"718","32","SEV","RIO_G","2020-07-23T00:00:00.000Z","DSCH","20274.86","G"
"718","32","SEV","RIO_G","2020-07-24T00:00:00.000Z","DSCH","17924.57","G"
"718","32","SEV","RIO_G","2020-07-25T00:00:00.000Z","DSCH","18122.78","G"
"718","32","SEV","RIO_G","2020-07-26T00:00:00.000Z","DSCH","19085.56","G"
"718","32","SEV","RIO_G","2020-07-27T00:00:00.000Z","DSCH","16593.67","G"
"718","32","SEV","RIO_G","2020-07-28T00:00:00.000Z","DSCH","14413.28","G"
"718","32","SEV","RIO_G","2020-07-29T00:00:00.000Z","DSCH","11241.79","G"
"718","32","SEV","RIO_G","2020-07-30T00:00:00.000Z","DSCH","10080.80","G"
"718","32","SEV","RIO_G","2020-07-31T00:00:00.000Z","DSCH","9401.19","G"
"719","32","SEV","JEMEZ_R","2020-05-11T00:00:00.000Z","DSCH","1469.64","G"
"719","32","SEV","JEMEZ_R","2020-05-12T00:00:00.000Z","DSCH","1670.69","G"
"719","32","SEV","JEMEZ_R","2020-05-13T00:00:00.000Z","DSCH","1381.86","G"
"719","32","SEV","JEMEZ_R","2020-05-14T00:00:00.000Z","DSCH","1240.28","G"
"719","32","SEV","JEMEZ_R","2020-05-15T00:00:00.000Z","DSCH","1158.16","G"
"719","32","SEV","JEMEZ_R","2020-05-16T00:00:00.000Z","DSCH","1084.54","G"
"719","32","SEV","JEMEZ_R","2020-05-17T00:00:00.000Z","DSCH","954.28","G"
"719","32","SEV","JEMEZ_R","2020-05-18T00:00:00.000Z","DSCH","787.21","G"
"719","32","SEV","JEMEZ_R","2020-05-19T00:00:00.000Z","DSCH","775.88","G"
"719","32","SEV","JEMEZ_R","2020-05-20T00:00:00.000Z","DSCH","696.59","G"
"719","32","SEV","JEMEZ_R","2020-05-21T00:00:00.000Z","DSCH","673.94","G"
"719","32","SEV","JEMEZ_R","2020-05-22T00:00:00.000Z","DSCH","628.63","G"
"719","32","SEV","JEMEZ_R","2020-05-23T00:00:00.000Z","DSCH","538.02","G"
"719","32","SEV","JEMEZ_R","2020-05-24T00:00:00.000Z","DSCH","526.69","G"
"719","32","SEV","JEMEZ_R","2020-05-25T00:00:00.000Z","DSCH","521.03","G"
"719","32","SEV","JEMEZ_R","2020-05-26T00:00:00.000Z","DSCH","549.35","G"
"719","32","SEV","JEMEZ_R","2020-05-27T00:00:00.000Z","DSCH","591.82","G"
"719","32","SEV","JEMEZ_R","2020-05-28T00:00:00.000Z","DSCH","549.35","G"
"719","32","SEV","JEMEZ_R","2020-05-29T00:00:00.000Z","DSCH","557.84","G"
"719","32","SEV","JEMEZ_R","2020-05-30T00:00:00.000Z","DSCH","560.67","G"
"719","32","SEV","JEMEZ_R","2020-05-31T00:00:00.000Z","DSCH","591.82","G"
"719","32","SEV","JEMEZ_R","2020-06-01T00:00:00.000Z","DSCH","651.29","G"
"719","32","SEV","JEMEZ_R","2020-06-02T00:00:00.000Z","DSCH","790.04","G"
"719","32","SEV","JEMEZ_R","2020-06-03T00:00:00.000Z","DSCH","897.64","G"
"719","32","SEV","JEMEZ_R","2020-06-04T00:00:00.000Z","DSCH","733.41","G"
"719","32","SEV","JEMEZ_R","2020-06-05T00:00:00.000Z","DSCH","560.67","G"
"719","32","SEV","JEMEZ_R","2020-06-06T00:00:00.000Z","DSCH","611.64","G"
"719","32","SEV","JEMEZ_R","2020-06-07T00:00:00.000Z","DSCH","654.12","G"
"719","32","SEV","JEMEZ_R","2020-06-08T00:00:00.000Z","DSCH","583.33","G"
"719","32","SEV","JEMEZ_R","2020-06-09T00:00:00.000Z","DSCH","484.22","G"
"719","32","SEV","JEMEZ_R","2020-06-10T00:00:00.000Z","DSCH","407.76","G"
"719","32","SEV","JEMEZ_R","2020-06-11T00:00:00.000Z","DSCH","376.61","G"
"719","32","SEV","JEMEZ_R","2020-06-12T00:00:00.000Z","DSCH","334.14","G"
"719","32","SEV","JEMEZ_R","2020-06-13T00:00:00.000Z","DSCH","270.99","G"
"719","32","SEV","JEMEZ_R","2020-06-14T00:00:00.000Z","DSCH","272.41","G"
"719","32","SEV","JEMEZ_R","2020-06-15T00:00:00.000Z","DSCH","297.33","G"
"719","32","SEV","JEMEZ_R","2020-06-16T00:00:00.000Z","DSCH","359.62","G"
"719","32","SEV","JEMEZ_R","2020-06-17T00:00:00.000Z","DSCH","410.59","G"
"719","32","SEV","JEMEZ_R","2020-06-18T00:00:00.000Z","DSCH","376.61","G"
"719","32","SEV","JEMEZ_R","2020-06-19T00:00:00.000Z","DSCH","351.13","G"
"719","32","SEV","JEMEZ_R","2020-06-20T00:00:00.000Z","DSCH","336.97","G"
"719","32","SEV","JEMEZ_R","2020-06-21T00:00:00.000Z","DSCH","314.32","G"
"719","32","SEV","JEMEZ_R","2020-06-22T00:00:00.000Z","DSCH","168.77","G"
"719","32","SEV","JEMEZ_R","2020-06-23T00:00:00.000Z","DSCH","205.30","G"
"719","32","SEV","JEMEZ_R","2020-06-24T00:00:00.000Z","DSCH","302.99","G"
"719","32","SEV","JEMEZ_R","2020-06-25T00:00:00.000Z","DSCH","308.65","G"
"719","32","SEV","JEMEZ_R","2020-06-26T00:00:00.000Z","DSCH","317.15","G"
"719","32","SEV","JEMEZ_R","2020-06-27T00:00:00.000Z","DSCH","319.98","G"
"719","32","SEV","JEMEZ_R","2020-06-28T00:00:00.000Z","DSCH","286.00","G"
"719","32","SEV","JEMEZ_R","2020-06-29T00:00:00.000Z","DSCH","124.59","G"
"719","32","SEV","JEMEZ_R","2020-06-30T00:00:00.000Z","DSCH","165.37","G"
"719","32","SEV","JEMEZ_R","2020-07-01T00:00:00.000Z","DSCH","","M"
"719","32","SEV","JEMEZ_R","2020-07-02T00:00:00.000Z","DSCH","260.52","G"
"719","32","SEV","JEMEZ_R","2020-07-03T00:00:00.000Z","DSCH","264.76","G"
"719","32","SEV","JEMEZ_R","2020-07-04T00:00:00.000Z","DSCH","291.66","G"
"719","32","SEV","JEMEZ_R","2020-07-05T00:00:00.000Z","DSCH","331.31","G"
"719","32","SEV","JEMEZ_R","2020-07-06T00:00:00.000Z","DSCH","140.17","G"
"719","32","SEV","JEMEZ_R","2020-07-07T00:00:00.000Z","DSCH","207.28","G"
"719","32","SEV","JEMEZ_R","2020-07-08T00:00:00.000Z","DSCH","282.60","G"
"719","32","SEV","JEMEZ_R","2020-07-09T00:00:00.000Z","DSCH","246.36","G"
"719","32","SEV","JEMEZ_R","2020-07-10T00:00:00.000Z","DSCH","233.33","G"
"719","32","SEV","JEMEZ_R","2020-07-11T00:00:00.000Z","DSCH","222.29","G"
"719","32","SEV","JEMEZ_R","2020-07-12T00:00:00.000Z","DSCH","214.36","G"
"719","32","SEV","JEMEZ_R","2020-07-13T00:00:00.000Z","DSCH","81.27","G"
"719","32","SEV","JEMEZ_R","2020-07-14T00:00:00.000Z","DSCH","117.80","G"
"719","32","SEV","JEMEZ_R","2020-07-15T00:00:00.000Z","DSCH","228.52","G"
"719","32","SEV","JEMEZ_R","2020-07-16T00:00:00.000Z","DSCH","237.01","G"
"719","32","SEV","JEMEZ_R","2020-07-17T00:00:00.000Z","DSCH","245.51","G"
"719","32","SEV","JEMEZ_R","2020-07-18T00:00:00.000Z","DSCH","256.27","G"
"719","32","SEV","JEMEZ_R","2020-07-19T00:00:00.000Z","DSCH","244.09","G"
"719","32","SEV","JEMEZ_R","2020-07-20T00:00:00.000Z","DSCH","123.46","G"
"719","32","SEV","JEMEZ_R","2020-07-21T00:00:00.000Z","DSCH","180.66","G"
"719","32","SEV","JEMEZ_R","2020-07-22T00:00:00.000Z","DSCH","348.30","G"
"719","32","SEV","JEMEZ_R","2020-07-23T00:00:00.000Z","DSCH","362.46","G"
"719","32","SEV","JEMEZ_R","2020-07-24T00:00:00.000Z","DSCH","331.31","G"
"719","32","SEV","JEMEZ_R","2020-07-25T00:00:00.000Z","DSCH","379.45","G"
"719","32","SEV","JEMEZ_R","2020-07-26T00:00:00.000Z","DSCH","421.92","G"
"719","32","SEV","JEMEZ_R","2020-07-27T00:00:00.000Z","DSCH","204.45","G"
"719","32","SEV","JEMEZ_R","2020-07-28T00:00:00.000Z","DSCH","283.17","G"
"719","32","SEV","JEMEZ_R","2020-07-29T00:00:00.000Z","DSCH","370.95","G"
"719","32","SEV","JEMEZ_R","2020-07-30T00:00:00.000Z","DSCH","319.98","G"
"719","32","SEV","JEMEZ_R","2020-07-31T00:00:00.000Z","DSCH","297.33","G"
"720","32","SEV","GILA_R","2019-05-27T00:00:00.000Z","DSCH","1900.06","G"
"720","32","SEV","GILA_R","2019-05-28T00:00:00.000Z","DSCH","1817.94","G"
"720","32","SEV","GILA_R","2019-05-29T00:00:00.000Z","DSCH","1792.46","G"
"720","32","SEV","GILA_R","2019-05-30T00:00:00.000Z","DSCH","1732.99","G"
"720","32","SEV","GILA_R","2019-05-31T00:00:00.000Z","DSCH","1741.49","G"
"720","32","SEV","GILA_R","2019-06-01T00:00:00.000Z","DSCH","1721.66","G"
"720","32","SEV","GILA_R","2019-06-02T00:00:00.000Z","DSCH","1639.55","G"
"720","32","SEV","GILA_R","2019-06-03T00:00:00.000Z","DSCH","1531.94","G"
"720","32","SEV","GILA_R","2019-06-04T00:00:00.000Z","DSCH","1435.66","G"
"720","32","SEV","GILA_R","2019-06-05T00:00:00.000Z","DSCH","1427.17","G"
"720","32","SEV","GILA_R","2019-06-06T00:00:00.000Z","DSCH","1424.34","G"
"720","32","SEV","GILA_R","2019-06-07T00:00:00.000Z","DSCH","1427.17","G"
"720","32","SEV","GILA_R","2019-06-08T00:00:00.000Z","DSCH","1398.85","G"
"720","32","SEV","GILA_R","2019-06-09T00:00:00.000Z","DSCH","1316.73","G"
"720","32","SEV","GILA_R","2019-06-10T00:00:00.000Z","DSCH","1282.75","G"
"720","32","SEV","GILA_R","2019-06-11T00:00:00.000Z","DSCH","1285.58","G"
"720","32","SEV","GILA_R","2019-06-12T00:00:00.000Z","DSCH","1240.28","G"
"720","32","SEV","GILA_R","2019-06-13T00:00:00.000Z","DSCH","1104.36","G"
"720","32","SEV","GILA_R","2019-06-14T00:00:00.000Z","DSCH","1044.89","G"
"720","32","SEV","GILA_R","2019-06-15T00:00:00.000Z","DSCH","1002.42","G"
"720","32","SEV","GILA_R","2019-06-16T00:00:00.000Z","DSCH","945.78","G"
"720","32","SEV","GILA_R","2019-06-17T00:00:00.000Z","DSCH","894.81","G"
"720","32","SEV","GILA_R","2019-06-18T00:00:00.000Z","DSCH","852.34","G"
"720","32","SEV","GILA_R","2019-06-19T00:00:00.000Z","DSCH","858.00","G"
"720","32","SEV","GILA_R","2019-06-20T00:00:00.000Z","DSCH","790.04","G"
"720","32","SEV","GILA_R","2019-06-21T00:00:00.000Z","DSCH","775.88","G"
"720","32","SEV","GILA_R","2019-06-22T00:00:00.000Z","DSCH","761.72","G"
"720","32","SEV","GILA_R","2019-06-23T00:00:00.000Z","DSCH","719.25","G"
"720","32","SEV","GILA_R","2019-06-24T00:00:00.000Z","DSCH","719.25","G"
"720","32","SEV","GILA_R","2019-06-25T00:00:00.000Z","DSCH","673.94","G"
"720","32","SEV","GILA_R","2019-06-26T00:00:00.000Z","DSCH","651.29","G"
"720","32","SEV","GILA_R","2019-06-27T00:00:00.000Z","DSCH","597.49","G"
"720","32","SEV","GILA_R","2019-06-28T00:00:00.000Z","DSCH","552.18","G"
"720","32","SEV","GILA_R","2019-06-29T00:00:00.000Z","DSCH","645.62","G"
"720","32","SEV","GILA_R","2019-06-30T00:00:00.000Z","DSCH","682.44","G"
"720","32","SEV","GILA_R","2019-07-01T00:00:00.000Z","DSCH","673.94","G"
"720","32","SEV","GILA_R","2019-07-02T00:00:00.000Z","DSCH","628.63","G"
"720","32","SEV","GILA_R","2019-07-03T00:00:00.000Z","DSCH","608.81","G"
"720","32","SEV","GILA_R","2019-07-04T00:00:00.000Z","DSCH","563.51","G"
"720","32","SEV","GILA_R","2019-07-05T00:00:00.000Z","DSCH","535.19","G"
"720","32","SEV","GILA_R","2019-07-06T00:00:00.000Z","DSCH","600.32","G"
"720","32","SEV","GILA_R","2019-07-07T00:00:00.000Z","DSCH","699.43","G"
"720","32","SEV","GILA_R","2019-07-08T00:00:00.000Z","DSCH","753.23","G"
"720","32","SEV","GILA_R","2019-07-09T00:00:00.000Z","DSCH","874.99","G"
"720","32","SEV","GILA_R","2019-07-10T00:00:00.000Z","DSCH","787.21","G"
"720","32","SEV","GILA_R","2019-07-11T00:00:00.000Z","DSCH","750.40","G"
"720","32","SEV","GILA_R","2019-07-12T00:00:00.000Z","DSCH","747.56","G"
"720","32","SEV","GILA_R","2019-07-13T00:00:00.000Z","DSCH","673.94","G"
"720","32","SEV","GILA_R","2019-07-14T00:00:00.000Z","DSCH","685.27","G"
"720","32","SEV","GILA_R","2019-07-15T00:00:00.000Z","DSCH","699.43","G"
"720","32","SEV","GILA_R","2019-07-16T00:00:00.000Z","DSCH","611.64","G"
"720","32","SEV","GILA_R","2019-07-17T00:00:00.000Z","DSCH","569.17","G"
"720","32","SEV","GILA_R","2019-07-18T00:00:00.000Z","DSCH","634.30","G"
"720","32","SEV","GILA_R","2019-07-19T00:00:00.000Z","DSCH","727.74","G"
"720","32","SEV","GILA_R","2019-07-20T00:00:00.000Z","DSCH","773.05","G"
"720","32","SEV","GILA_R","2019-07-21T00:00:00.000Z","DSCH","744.73","G"
"720","32","SEV","GILA_R","2019-07-22T00:00:00.000Z","DSCH","753.23","G"
"720","32","SEV","GILA_R","2019-07-23T00:00:00.000Z","DSCH","965.60","G"
"720","32","SEV","GILA_R","2019-07-24T00:00:00.000Z","DSCH","954.28","G"
"720","32","SEV","GILA_R","2019-07-25T00:00:00.000Z","DSCH","911.80","G"
"720","32","SEV","GILA_R","2019-07-26T00:00:00.000Z","DSCH","838.18","G"
"720","32","SEV","GILA_R","2019-07-27T00:00:00.000Z","DSCH","798.54","G"
"720","32","SEV","GILA_R","2019-07-28T00:00:00.000Z","DSCH","784.38","G"
"720","32","SEV","GILA_R","2019-07-29T00:00:00.000Z","DSCH","784.38","G"
"720","32","SEV","GILA_R","2019-07-30T00:00:00.000Z","DSCH","897.64","G"
"720","32","SEV","GILA_R","2019-07-31T00:00:00.000Z","DSCH","988.26","G"
"720","32","SEV","GILA_R","2019-08-01T00:00:00.000Z","DSCH","1124.18","G"
"720","32","SEV","GILA_R","2019-08-02T00:00:00.000Z","DSCH","1163.82","G"
"720","32","SEV","GILA_R","2019-08-03T00:00:00.000Z","DSCH","1138.34","G"
"720","32","SEV","GILA_R","2019-08-04T00:00:00.000Z","DSCH","1313.90","G"
"720","32","SEV","GILA_R","2019-08-05T00:00:00.000Z","DSCH","1452.65","G"
"720","32","SEV","GILA_R","2019-08-06T00:00:00.000Z","DSCH","1483.80","G"
"720","32","SEV","GILA_R","2019-08-07T00:00:00.000Z","DSCH","1452.65","G"
"720","32","SEV","GILA_R","2019-08-08T00:00:00.000Z","DSCH","1350.71","G"
"720","32","SEV","GILA_R","2019-08-09T00:00:00.000Z","DSCH","1206.30","G"
"720","32","SEV","GILA_R","2019-08-10T00:00:00.000Z","DSCH","1251.60","G"
"720","32","SEV","GILA_R","2019-08-11T00:00:00.000Z","DSCH","1325.23","G"
"720","32","SEV","GILA_R","2019-08-12T00:00:00.000Z","DSCH","1282.75","G"
"720","32","SEV","GILA_R","2019-08-13T00:00:00.000Z","DSCH","1155.33","G"
"720","32","SEV","GILA_R","2019-08-14T00:00:00.000Z","DSCH","1095.86","G"
"720","32","SEV","GILA_R","2019-08-15T00:00:00.000Z","DSCH","1059.05","G"
"720","32","SEV","GILA_R","2019-08-16T00:00:00.000Z","DSCH","1118.52","G"
"720","32","SEV","GILA_R","2019-08-17T00:00:00.000Z","DSCH","2341.80","G"
"720","32","SEV","GILA_R","2019-08-18T00:00:00.000Z","DSCH","1738.65","G"
"720","32","SEV","GILA_R","2019-08-19T00:00:00.000Z","DSCH","1294.08","G"
"720","32","SEV","GILA_R","2019-08-20T00:00:00.000Z","DSCH","988.26","G"
"720","32","SEV","GILA_R","2019-08-21T00:00:00.000Z","DSCH","843.84","G"
"720","32","SEV","GILA_R","2019-08-22T00:00:00.000Z","DSCH","804.20","G"
"720","32","SEV","GILA_R","2019-08-23T00:00:00.000Z","DSCH","962.77","G"
"720","32","SEV","GILA_R","2019-08-24T00:00:00.000Z","DSCH","1073.21","G"
"720","32","SEV","GILA_R","2019-08-25T00:00:00.000Z","DSCH","974.10","G"
"720","32","SEV","GILA_R","2019-08-26T00:00:00.000Z","DSCH","798.54","G"
"720","32","SEV","GILA_R","2019-08-27T00:00:00.000Z","DSCH","736.24","G"
"720","32","SEV","GILA_R","2019-08-28T00:00:00.000Z","DSCH","724.91","G"
"720","32","SEV","GILA_R","2019-08-29T00:00:00.000Z","DSCH","750.40","G"
"720","32","SEV","GILA_R","2019-08-30T00:00:00.000Z","DSCH","807.03","G"
"720","32","SEV","GILA_R","2019-08-31T00:00:00.000Z","DSCH","860.83","G"
"720","32","SEV","GILA_R","2019-09-01T00:00:00.000Z","DSCH","1005.25","G"
"720","32","SEV","GILA_R","2019-09-02T00:00:00.000Z","DSCH","917.47","G"
"720","32","SEV","GILA_R","2019-09-03T00:00:00.000Z","DSCH","982.59","G"
"720","32","SEV","GILA_R","2019-09-04T00:00:00.000Z","DSCH","807.03","G"
"720","32","SEV","GILA_R","2019-09-05T00:00:00.000Z","DSCH","761.72","G"
"720","32","SEV","GILA_R","2019-09-06T00:00:00.000Z","DSCH","753.23","G"
"720","32","SEV","GILA_R","2019-09-07T00:00:00.000Z","DSCH","761.72","G"
"720","32","SEV","GILA_R","2019-09-08T00:00:00.000Z","DSCH","781.55","G"
"720","32","SEV","GILA_R","2019-09-09T00:00:00.000Z","DSCH","826.85","G"
"720","32","SEV","GILA_R","2019-09-10T00:00:00.000Z","DSCH","767.39","G"
"720","32","SEV","GILA_R","2019-09-11T00:00:00.000Z","DSCH","688.10","G"
"720","32","SEV","GILA_R","2019-09-12T00:00:00.000Z","DSCH","656.95","G"
"720","32","SEV","GILA_R","2019-09-13T00:00:00.000Z","DSCH","673.94","G"
"720","32","SEV","GILA_R","2019-09-14T00:00:00.000Z","DSCH","826.85","G"
"720","32","SEV","GILA_R","2019-09-15T00:00:00.000Z","DSCH","1333.72","G"
"720","32","SEV","GILA_R","2019-09-16T00:00:00.000Z","DSCH","1633.88","G"
"720","32","SEV","GILA_R","2019-09-17T00:00:00.000Z","DSCH","6484.56","G"
"720","32","SEV","GILA_R","2019-09-18T00:00:00.000Z","DSCH","3426.34","G"
"720","32","SEV","GILA_R","2019-09-19T00:00:00.000Z","DSCH","3058.22","G"
"720","32","SEV","GILA_R","2019-09-20T00:00:00.000Z","DSCH","2559.84","G"
"720","32","SEV","GILA_R","2019-09-21T00:00:00.000Z","DSCH","2149.25","G"
"720","32","SEV","GILA_R","2019-09-22T00:00:00.000Z","DSCH","1840.60","G"
"720","32","SEV","GILA_R","2019-09-23T00:00:00.000Z","DSCH","1616.89","G"
"720","32","SEV","GILA_R","2019-09-24T00:00:00.000Z","DSCH","1557.43","G"
"720","32","SEV","GILA_R","2019-09-25T00:00:00.000Z","DSCH","1563.09","G"
"720","32","SEV","GILA_R","2019-09-26T00:00:00.000Z","DSCH","1432.83","G"
"720","32","SEV","GILA_R","2019-09-27T00:00:00.000Z","DSCH","1328.06","G"
"720","32","SEV","GILA_R","2019-09-28T00:00:00.000Z","DSCH","1274.26","G"
"720","32","SEV","GILA_R","2019-09-29T00:00:00.000Z","DSCH","1214.79","G"
"720","32","SEV","GILA_R","2019-09-30T00:00:00.000Z","DSCH","1144.00","G"
"720","32","SEV","GILA_R","2019-10-01T00:00:00.000Z","DSCH","1104.36","G"
"720","32","SEV","GILA_R","2019-10-02T00:00:00.000Z","DSCH","1121.35","G"
"720","32","SEV","GILA_R","2019-10-03T00:00:00.000Z","DSCH","1115.68","G"
"720","32","SEV","GILA_R","2019-10-04T00:00:00.000Z","DSCH","1192.14","G"
"720","32","SEV","GILA_R","2019-10-05T00:00:00.000Z","DSCH","1200.63","G"
"720","32","SEV","GILA_R","2019-10-06T00:00:00.000Z","DSCH","1183.64","G"
"720","32","SEV","GILA_R","2019-10-07T00:00:00.000Z","DSCH","1169.49","G"
"720","32","SEV","GILA_R","2019-10-08T00:00:00.000Z","DSCH","1163.82","G"
"720","32","SEV","GILA_R","2019-10-09T00:00:00.000Z","DSCH","1135.51","G"
"720","32","SEV","GILA_R","2019-10-10T00:00:00.000Z","DSCH","1095.86","G"
"720","32","SEV","GILA_R","2019-10-11T00:00:00.000Z","DSCH","1047.72","G"
"720","32","SEV","GILA_R","2019-10-12T00:00:00.000Z","DSCH","1030.73","G"
"720","32","SEV","GILA_R","2019-10-13T00:00:00.000Z","DSCH","1095.86","G"
"720","32","SEV","GILA_R","2019-10-14T00:00:00.000Z","DSCH","1112.85","G"
"720","32","SEV","GILA_R","2019-10-15T00:00:00.000Z","DSCH","1115.68","G"
"720","32","SEV","GILA_R","2019-10-16T00:00:00.000Z","DSCH","1107.19","G"
"720","32","SEV","GILA_R","2019-10-17T00:00:00.000Z","DSCH","1115.68","G"
"720","32","SEV","GILA_R","2019-10-18T00:00:00.000Z","DSCH","1175.15","G"
"720","32","SEV","GILA_R","2019-10-19T00:00:00.000Z","DSCH","1240.28","G"
"720","32","SEV","GILA_R","2019-10-20T00:00:00.000Z","DSCH","1257.27","G"
"720","32","SEV","GILA_R","2019-10-21T00:00:00.000Z","DSCH","1217.62","G"
"720","32","SEV","GILA_R","2019-10-22T00:00:00.000Z","DSCH","1200.63","G"
"720","32","SEV","GILA_R","2019-10-23T00:00:00.000Z","DSCH","1214.79","G"
"720","32","SEV","GILA_R","2019-10-24T00:00:00.000Z","DSCH","1206.30","G"
"720","32","SEV","GILA_R","2019-10-25T00:00:00.000Z","DSCH","1265.76","G"
"720","32","SEV","GILA_R","2019-10-26T00:00:00.000Z","DSCH","1319.57","G"
"720","32","SEV","GILA_R","2019-10-27T00:00:00.000Z","DSCH","1330.89","G"
"720","32","SEV","GILA_R","2019-10-28T00:00:00.000Z","DSCH","1308.24","G"
"720","32","SEV","GILA_R","2019-10-29T00:00:00.000Z","DSCH","1282.75","G"
"720","32","SEV","GILA_R","2019-10-30T00:00:00.000Z","DSCH","1353.55","G"
"720","32","SEV","GILA_R","2019-10-31T00:00:00.000Z","DSCH","1424.34","G"
"720","32","SEV","GILA_R","2019-11-01T00:00:00.000Z","DSCH","1478.14","G"
"720","32","SEV","GILA_R","2019-11-02T00:00:00.000Z","DSCH","1475.31","G"
"720","32","SEV","GILA_R","2019-11-03T00:00:00.000Z","DSCH","1461.15","G"
"720","32","SEV","GILA_R","2019-11-04T00:00:00.000Z","DSCH","1466.81","G"
"720","32","SEV","GILA_R","2019-11-05T00:00:00.000Z","DSCH","1523.45","G"
"720","32","SEV","GILA_R","2019-11-06T00:00:00.000Z","DSCH","1571.59","G"
"720","32","SEV","GILA_R","2019-11-07T00:00:00.000Z","DSCH","1636.71","G"
"720","32","SEV","GILA_R","2019-11-08T00:00:00.000Z","DSCH","1682.02","G"
"720","32","SEV","GILA_R","2019-11-09T00:00:00.000Z","DSCH","1684.85","G"
"720","32","SEV","GILA_R","2019-11-10T00:00:00.000Z","DSCH","1599.90","G"
"720","32","SEV","GILA_R","2019-11-11T00:00:00.000Z","DSCH","1588.58","G"
"720","32","SEV","GILA_R","2019-11-12T00:00:00.000Z","DSCH","1639.55","G"
"720","32","SEV","GILA_R","2019-11-13T00:00:00.000Z","DSCH","1625.39","G"
"720","32","SEV","GILA_R","2019-11-14T00:00:00.000Z","DSCH","1628.22","G"
"720","32","SEV","GILA_R","2019-11-15T00:00:00.000Z","DSCH","1636.71","G"
"720","32","SEV","GILA_R","2019-11-16T00:00:00.000Z","DSCH","1622.56","G"
"720","32","SEV","GILA_R","2019-11-17T00:00:00.000Z","DSCH","1611.23","G"
"720","32","SEV","GILA_R","2019-11-18T00:00:00.000Z","DSCH","1614.06","G"
"720","32","SEV","GILA_R","2019-11-19T00:00:00.000Z","DSCH","1565.92","G"
"720","32","SEV","GILA_R","2019-11-20T00:00:00.000Z","DSCH","1701.84","G"
"720","32","SEV","GILA_R","2019-11-21T00:00:00.000Z","DSCH","2220.04","G"
"720","32","SEV","GILA_R","2019-11-22T00:00:00.000Z","DSCH","2707.09","G"
"720","32","SEV","GILA_R","2019-11-23T00:00:00.000Z","DSCH","2888.32","G"
"720","32","SEV","GILA_R","2019-11-24T00:00:00.000Z","DSCH","2729.74","G"
"720","32","SEV","GILA_R","2019-11-25T00:00:00.000Z","DSCH","2517.37","G"
"720","32","SEV","GILA_R","2019-11-26T00:00:00.000Z","DSCH","2367.29","G"
"720","32","SEV","GILA_R","2019-11-27T00:00:00.000Z","DSCH","2392.77","G"
"720","32","SEV","GILA_R","2019-11-28T00:00:00.000Z","DSCH","6852.68","G"
"720","32","SEV","GILA_R","2019-11-29T00:00:00.000Z","DSCH","29166.36","G"
"720","32","SEV","GILA_R","2019-11-30T00:00:00.000Z","DSCH","65411.92","G"
"720","32","SEV","GILA_R","2019-12-01T00:00:00.000Z","DSCH","21549.12","G"
"720","32","SEV","GILA_R","2019-12-02T00:00:00.000Z","DSCH","13478.82","G"
"720","32","SEV","GILA_R","2019-12-03T00:00:00.000Z","DSCH","10448.92","G"
"720","32","SEV","GILA_R","2019-12-04T00:00:00.000Z","DSCH","8948.12","G"
"720","32","SEV","GILA_R","2019-12-05T00:00:00.000Z","DSCH","8551.69","G"
"720","32","SEV","GILA_R","2019-12-06T00:00:00.000Z","DSCH","9797.63","G"
"720","32","SEV","GILA_R","2019-12-07T00:00:00.000Z","DSCH","10307.33","G"
"720","32","SEV","GILA_R","2019-12-08T00:00:00.000Z","DSCH","9033.08","G"
"720","32","SEV","GILA_R","2019-12-09T00:00:00.000Z","DSCH","9571.10","G"
"720","32","SEV","GILA_R","2019-12-10T00:00:00.000Z","DSCH","17811.30","G"
"720","32","SEV","GILA_R","2019-12-11T00:00:00.000Z","DSCH","16820.21","G"
"720","32","SEV","GILA_R","2019-12-12T00:00:00.000Z","DSCH","13195.65","G"
"720","32","SEV","GILA_R","2019-12-13T00:00:00.000Z","DSCH","10901.99","G"
"720","32","SEV","GILA_R","2019-12-14T00:00:00.000Z","DSCH","9259.61","G"
"720","32","SEV","GILA_R","2019-12-15T00:00:00.000Z","DSCH","8268.52","G"
"720","32","SEV","GILA_R","2019-12-16T00:00:00.000Z","DSCH","7560.60","G"
"720","32","SEV","GILA_R","2019-12-17T00:00:00.000Z","DSCH","6994.26","G"
"720","32","SEV","GILA_R","2019-12-18T00:00:00.000Z","DSCH","6371.29","G"
"720","32","SEV","GILA_R","2019-12-19T00:00:00.000Z","DSCH","5691.69","G"
"720","32","SEV","GILA_R","2019-12-20T00:00:00.000Z","DSCH","5266.93","G"
"720","32","SEV","GILA_R","2019-12-21T00:00:00.000Z","DSCH","4898.82","G"
"720","32","SEV","GILA_R","2019-12-22T00:00:00.000Z","DSCH","4559.01","G"
"720","32","SEV","GILA_R","2019-12-23T00:00:00.000Z","DSCH","4332.48","G"
"720","32","SEV","GILA_R","2019-12-24T00:00:00.000Z","DSCH","4332.48","G"
"720","32","SEV","GILA_R","2019-12-25T00:00:00.000Z","DSCH","4728.91","G"
"720","32","SEV","GILA_R","2019-12-26T00:00:00.000Z","DSCH","4643.96","G"
"720","32","SEV","GILA_R","2019-12-27T00:00:00.000Z","DSCH","4587.33","G"
"720","32","SEV","GILA_R","2019-12-28T00:00:00.000Z","DSCH","4813.86","G"
"720","32","SEV","GILA_R","2019-12-29T00:00:00.000Z","DSCH","4757.23","G"
"720","32","SEV","GILA_R","2019-12-30T00:00:00.000Z","DSCH","4389.11","G"
"720","32","SEV","GILA_R","2019-12-31T00:00:00.000Z","DSCH","4105.94","G"
"720","32","SEV","GILA_R","2020-01-01T00:00:00.000Z","DSCH","4134.26","G"
"720","32","SEV","GILA_R","2020-01-02T00:00:00.000Z","DSCH","4105.94","G"
"720","32","SEV","GILA_R","2020-01-03T00:00:00.000Z","DSCH","4077.63","G"
"720","32","SEV","GILA_R","2020-01-04T00:00:00.000Z","DSCH","3879.41","G"
"720","32","SEV","GILA_R","2020-01-05T00:00:00.000Z","DSCH","3766.14","G"
"720","32","SEV","GILA_R","2020-01-06T00:00:00.000Z","DSCH","3709.51","G"
"720","32","SEV","GILA_R","2020-01-07T00:00:00.000Z","DSCH","3624.56","G"
"720","32","SEV","GILA_R","2020-01-08T00:00:00.000Z","DSCH","3539.61","G"
"720","32","SEV","GILA_R","2020-01-09T00:00:00.000Z","DSCH","3511.29","G"
"720","32","SEV","GILA_R","2020-01-10T00:00:00.000Z","DSCH","3652.87","G"
"720","32","SEV","GILA_R","2020-01-11T00:00:00.000Z","DSCH","3596.24","G"
"720","32","SEV","GILA_R","2020-01-12T00:00:00.000Z","DSCH","3369.71","G"
"720","32","SEV","GILA_R","2020-01-13T00:00:00.000Z","DSCH","3256.44","G"
"720","32","SEV","GILA_R","2020-01-14T00:00:00.000Z","DSCH","3199.80","G"
"720","32","SEV","GILA_R","2020-01-15T00:00:00.000Z","DSCH","3143.17","G"
"720","32","SEV","GILA_R","2020-01-16T00:00:00.000Z","DSCH","3341.39","G"
"720","32","SEV","GILA_R","2020-01-17T00:00:00.000Z","DSCH","10873.67","G"
"720","32","SEV","GILA_R","2020-01-18T00:00:00.000Z","DSCH","16452.09","G"
"720","32","SEV","GILA_R","2020-01-19T00:00:00.000Z","DSCH","12572.68","G"
"720","32","SEV","GILA_R","2020-01-20T00:00:00.000Z","DSCH","10137.43","G"
"720","32","SEV","GILA_R","2020-01-21T00:00:00.000Z","DSCH","9259.61","G"
"720","32","SEV","GILA_R","2020-01-22T00:00:00.000Z","DSCH","10647.14","G"
"720","32","SEV","GILA_R","2020-01-23T00:00:00.000Z","DSCH","11468.32","G"
"720","32","SEV","GILA_R","2020-01-24T00:00:00.000Z","DSCH","10533.87","G"
"720","32","SEV","GILA_R","2020-01-25T00:00:00.000Z","DSCH","9514.46","G"
"720","32","SEV","GILA_R","2020-01-26T00:00:00.000Z","DSCH","8693.27","G"
"720","32","SEV","GILA_R","2020-01-27T00:00:00.000Z","DSCH","8013.67","G"
"720","32","SEV","GILA_R","2020-01-28T00:00:00.000Z","DSCH","7475.65","G"
"720","32","SEV","GILA_R","2020-01-29T00:00:00.000Z","DSCH","6994.26","G"
"720","32","SEV","GILA_R","2020-01-30T00:00:00.000Z","DSCH","6569.51","G"
"720","32","SEV","GILA_R","2020-01-31T00:00:00.000Z","DSCH","6201.39","G"
"720","32","SEV","GILA_R","2020-02-01T00:00:00.000Z","DSCH","5833.27","G"
"720","32","SEV","GILA_R","2020-02-02T00:00:00.000Z","DSCH","5493.47","G"
"720","32","SEV","GILA_R","2020-02-03T00:00:00.000Z","DSCH","5210.30","G"
"720","32","SEV","GILA_R","2020-02-04T00:00:00.000Z","DSCH","5068.72","G"
"720","32","SEV","GILA_R","2020-02-05T00:00:00.000Z","DSCH","4870.50","G"
"720","32","SEV","GILA_R","2020-02-06T00:00:00.000Z","DSCH","4672.28","G"
"720","32","SEV","GILA_R","2020-02-07T00:00:00.000Z","DSCH","4417.43","G"
"720","32","SEV","GILA_R","2020-02-08T00:00:00.000Z","DSCH","4275.84","G"
"720","32","SEV","GILA_R","2020-02-09T00:00:00.000Z","DSCH","4190.89","G"
"720","32","SEV","GILA_R","2020-02-10T00:00:00.000Z","DSCH","4134.26","G"
"720","32","SEV","GILA_R","2020-02-11T00:00:00.000Z","DSCH","5635.05","G"
"720","32","SEV","GILA_R","2020-02-12T00:00:00.000Z","DSCH","11808.13","G"
"720","32","SEV","GILA_R","2020-02-13T00:00:00.000Z","DSCH","13025.75","G"
"720","32","SEV","GILA_R","2020-02-14T00:00:00.000Z","DSCH","11524.96","G"
"720","32","SEV","GILA_R","2020-02-15T00:00:00.000Z","DSCH","10533.87","G"
"720","32","SEV","GILA_R","2020-02-16T00:00:00.000Z","DSCH","10052.48","G"
"720","32","SEV","GILA_R","2020-02-17T00:00:00.000Z","DSCH","9684.36","G"
"720","32","SEV","GILA_R","2020-02-18T00:00:00.000Z","DSCH","9542.78","G"
"720","32","SEV","GILA_R","2020-02-19T00:00:00.000Z","DSCH","9599.41","G"
"720","32","SEV","GILA_R","2020-02-20T00:00:00.000Z","DSCH","9599.41","G"
"720","32","SEV","GILA_R","2020-02-21T00:00:00.000Z","DSCH","9231.29","G"
"720","32","SEV","GILA_R","2020-02-22T00:00:00.000Z","DSCH","9259.61","G"
"720","32","SEV","GILA_R","2020-02-23T00:00:00.000Z","DSCH","54368.35","G"
"720","32","SEV","GILA_R","2020-02-24T00:00:00.000Z","DSCH","82402.03","G"
"720","32","SEV","GILA_R","2020-02-25T00:00:00.000Z","DSCH","30865.37","G"
"720","32","SEV","GILA_R","2020-02-26T00:00:00.000Z","DSCH","20614.67","G"
"720","32","SEV","GILA_R","2020-02-27T00:00:00.000Z","DSCH","15602.58","G"
"720","32","SEV","GILA_R","2020-02-28T00:00:00.000Z","DSCH","13167.34","G"
"720","32","SEV","GILA_R","2020-02-29T00:00:00.000Z","DSCH","11185.16","G"
"720","32","SEV","GILA_R","2020-03-01T00:00:00.000Z","DSCH","9797.63","G"
"720","32","SEV","GILA_R","2020-03-02T00:00:00.000Z","DSCH","9033.08","G"
"720","32","SEV","GILA_R","2020-03-03T00:00:00.000Z","DSCH","8438.42","G"
"720","32","SEV","GILA_R","2020-03-04T00:00:00.000Z","DSCH","7815.45","G"
"720","32","SEV","GILA_R","2020-03-05T00:00:00.000Z","DSCH","7277.43","G"
"720","32","SEV","GILA_R","2020-03-06T00:00:00.000Z","DSCH","6796.04","G"
"720","32","SEV","GILA_R","2020-03-07T00:00:00.000Z","DSCH","6484.56","G"
"720","32","SEV","GILA_R","2020-03-08T00:00:00.000Z","DSCH","6767.73","G"
"720","32","SEV","GILA_R","2020-03-09T00:00:00.000Z","DSCH","7503.97","G"
"720","32","SEV","GILA_R","2020-03-10T00:00:00.000Z","DSCH","7985.35","G"
"720","32","SEV","GILA_R","2020-03-11T00:00:00.000Z","DSCH","8070.30","G"
"720","32","SEV","GILA_R","2020-03-12T00:00:00.000Z","DSCH","11440.01","G"
"720","32","SEV","GILA_R","2020-03-13T00:00:00.000Z","DSCH","21917.24","G"
"720","32","SEV","GILA_R","2020-03-14T00:00:00.000Z","DSCH","41059.43","G"
"720","32","SEV","GILA_R","2020-03-15T00:00:00.000Z","DSCH","26193.09","G"
"720","32","SEV","GILA_R","2020-03-16T00:00:00.000Z","DSCH","18859.02","G"
"720","32","SEV","GILA_R","2020-03-17T00:00:00.000Z","DSCH","15206.15","G"
"720","32","SEV","GILA_R","2020-03-18T00:00:00.000Z","DSCH","13252.29","G"
"720","32","SEV","GILA_R","2020-03-19T00:00:00.000Z","DSCH","17103.38","G"
"720","32","SEV","GILA_R","2020-03-20T00:00:00.000Z","DSCH","21747.34","G"
"720","32","SEV","GILA_R","2020-03-21T00:00:00.000Z","DSCH","20133.28","G"
"720","32","SEV","GILA_R","2020-03-22T00:00:00.000Z","DSCH","18434.27","G"
"720","32","SEV","GILA_R","2020-03-23T00:00:00.000Z","DSCH","16905.16","G"
"720","32","SEV","GILA_R","2020-03-24T00:00:00.000Z","DSCH","14894.66","G"
"720","32","SEV","GILA_R","2020-03-25T00:00:00.000Z","DSCH","13422.19","G"
"720","32","SEV","GILA_R","2020-03-26T00:00:00.000Z","DSCH","12147.93","G"
"720","32","SEV","GILA_R","2020-03-27T00:00:00.000Z","DSCH","12969.12","G"
"720","32","SEV","GILA_R","2020-03-28T00:00:00.000Z","DSCH","17443.18","G"
"720","32","SEV","GILA_R","2020-03-29T00:00:00.000Z","DSCH","14753.08","G"
"720","32","SEV","GILA_R","2020-03-30T00:00:00.000Z","DSCH","12884.17","G"
"720","32","SEV","GILA_R","2020-03-31T00:00:00.000Z","DSCH","11241.79","G"
"720","32","SEV","GILA_R","2020-04-01T00:00:00.000Z","DSCH","10363.97","G"
"720","32","SEV","GILA_R","2020-04-02T00:00:00.000Z","DSCH","9741.00","G"
"720","32","SEV","GILA_R","2020-04-03T00:00:00.000Z","DSCH","9429.51","G"
"720","32","SEV","GILA_R","2020-04-04T00:00:00.000Z","DSCH","9401.19","G"
"720","32","SEV","GILA_R","2020-04-05T00:00:00.000Z","DSCH","9287.93","G"
"720","32","SEV","GILA_R","2020-04-06T00:00:00.000Z","DSCH","9061.39","G"
"720","32","SEV","GILA_R","2020-04-07T00:00:00.000Z","DSCH","8863.17","G"
"720","32","SEV","GILA_R","2020-04-08T00:00:00.000Z","DSCH","8664.96","G"
"720","32","SEV","GILA_R","2020-04-09T00:00:00.000Z","DSCH","8551.69","G"
"720","32","SEV","GILA_R","2020-04-10T00:00:00.000Z","DSCH","8693.27","G"
"720","32","SEV","GILA_R","2020-04-11T00:00:00.000Z","DSCH","8693.27","G"
"720","32","SEV","GILA_R","2020-04-12T00:00:00.000Z","DSCH","8466.74","G"
"720","32","SEV","GILA_R","2020-04-13T00:00:00.000Z","DSCH","8098.62","G"
"720","32","SEV","GILA_R","2020-04-14T00:00:00.000Z","DSCH","7645.55","G"
"720","32","SEV","GILA_R","2020-04-15T00:00:00.000Z","DSCH","7249.11","G"
"720","32","SEV","GILA_R","2020-04-16T00:00:00.000Z","DSCH","6852.68","G"
"720","32","SEV","GILA_R","2020-04-17T00:00:00.000Z","DSCH","6456.24","G"
"720","32","SEV","GILA_R","2020-04-18T00:00:00.000Z","DSCH","6314.66","G"
"720","32","SEV","GILA_R","2020-04-19T00:00:00.000Z","DSCH","6371.29","G"
"720","32","SEV","GILA_R","2020-04-20T00:00:00.000Z","DSCH","6399.61","G"
"720","32","SEV","GILA_R","2020-04-21T00:00:00.000Z","DSCH","6371.29","G"
"720","32","SEV","GILA_R","2020-04-22T00:00:00.000Z","DSCH","6484.56","G"
"720","32","SEV","GILA_R","2020-04-23T00:00:00.000Z","DSCH","6654.46","G"
"720","32","SEV","GILA_R","2020-04-24T00:00:00.000Z","DSCH","6682.78","G"
"720","32","SEV","GILA_R","2020-04-25T00:00:00.000Z","DSCH","6682.78","G"
"720","32","SEV","GILA_R","2020-04-26T00:00:00.000Z","DSCH","6880.99","G"
"720","32","SEV","GILA_R","2020-04-27T00:00:00.000Z","DSCH","6880.99","G"
"720","32","SEV","GILA_R","2020-04-28T00:00:00.000Z","DSCH","6824.36","G"
"720","32","SEV","GILA_R","2020-04-29T00:00:00.000Z","DSCH","6654.46","G"
"720","32","SEV","GILA_R","2020-04-30T00:00:00.000Z","DSCH","6484.56","G"
"720","32","SEV","GILA_R","2020-05-01T00:00:00.000Z","DSCH","6342.97","G"
"720","32","SEV","GILA_R","2020-05-02T00:00:00.000Z","DSCH","6116.44","G"
"720","32","SEV","GILA_R","2020-05-03T00:00:00.000Z","DSCH","5861.59","G"
"720","32","SEV","GILA_R","2020-05-04T00:00:00.000Z","DSCH","5578.42","G"
"720","32","SEV","GILA_R","2020-05-05T00:00:00.000Z","DSCH","5153.67","G"
"720","32","SEV","GILA_R","2020-05-06T00:00:00.000Z","DSCH","4813.86","G"
"720","32","SEV","GILA_R","2020-05-07T00:00:00.000Z","DSCH","4389.11","G"
"720","32","SEV","GILA_R","2020-05-08T00:00:00.000Z","DSCH","4077.63","G"
"720","32","SEV","GILA_R","2020-05-09T00:00:00.000Z","DSCH","3851.09","G"
"720","32","SEV","GILA_R","2020-05-10T00:00:00.000Z","DSCH","3652.87","G"
"720","32","SEV","GILA_R","2020-05-11T00:00:00.000Z","DSCH","3624.56","G"
"720","32","SEV","GILA_R","2020-05-12T00:00:00.000Z","DSCH","3426.34","G"
"720","32","SEV","GILA_R","2020-05-13T00:00:00.000Z","DSCH","3143.17","G"
"720","32","SEV","GILA_R","2020-05-14T00:00:00.000Z","DSCH","2944.95","G"
"720","32","SEV","GILA_R","2020-05-15T00:00:00.000Z","DSCH","2820.36","G"
"720","32","SEV","GILA_R","2020-05-16T00:00:00.000Z","DSCH","2658.95","G"
"720","32","SEV","GILA_R","2020-05-17T00:00:00.000Z","DSCH","2449.41","G"
"720","32","SEV","GILA_R","2020-05-18T00:00:00.000Z","DSCH","2231.37","G"
"720","32","SEV","GILA_R","2020-05-19T00:00:00.000Z","DSCH","2075.63","G"
"720","32","SEV","GILA_R","2020-05-20T00:00:00.000Z","DSCH","1948.20","G"
"720","32","SEV","GILA_R","2020-05-21T00:00:00.000Z","DSCH","1820.77","G"
"720","32","SEV","GILA_R","2020-05-22T00:00:00.000Z","DSCH","1826.44","G"
"720","32","SEV","GILA_R","2020-05-23T00:00:00.000Z","DSCH","1803.78","G"
"720","32","SEV","GILA_R","2020-05-24T00:00:00.000Z","DSCH","1752.81","G"
"720","32","SEV","GILA_R","2020-05-25T00:00:00.000Z","DSCH","1656.54","G"
"720","32","SEV","GILA_R","2020-05-26T00:00:00.000Z","DSCH","1568.75","G"
"720","32","SEV","GILA_R","2020-05-27T00:00:00.000Z","DSCH","1509.29","G"
"720","32","SEV","GILA_R","2020-05-28T00:00:00.000Z","DSCH","1449.82","G"
"720","32","SEV","GILA_R","2020-05-29T00:00:00.000Z","DSCH","1432.83","G"
"720","32","SEV","GILA_R","2020-05-30T00:00:00.000Z","DSCH","1393.19","G"
"720","32","SEV","GILA_R","2020-05-31T00:00:00.000Z","DSCH","1384.69","G"
"720","32","SEV","GILA_R","2020-06-01T00:00:00.000Z","DSCH","1350.71","G"
"720","32","SEV","GILA_R","2020-06-02T00:00:00.000Z","DSCH","1336.56","G"
"720","32","SEV","GILA_R","2020-06-03T00:00:00.000Z","DSCH","1319.57","G"
"720","32","SEV","GILA_R","2020-06-04T00:00:00.000Z","DSCH","1228.95","G"
"720","32","SEV","GILA_R","2020-06-05T00:00:00.000Z","DSCH","1183.64","G"
"720","32","SEV","GILA_R","2020-06-06T00:00:00.000Z","DSCH","1149.66","G"
"720","32","SEV","GILA_R","2020-06-07T00:00:00.000Z","DSCH","1076.04","G"
"720","32","SEV","GILA_R","2020-06-08T00:00:00.000Z","DSCH","1013.74","G"
"720","32","SEV","GILA_R","2020-06-09T00:00:00.000Z","DSCH","945.78","G"
"720","32","SEV","GILA_R","2020-06-10T00:00:00.000Z","DSCH","920.30","G"
"720","32","SEV","GILA_R","2020-06-11T00:00:00.000Z","DSCH","906.14","G"
"720","32","SEV","GILA_R","2020-06-12T00:00:00.000Z","DSCH","985.43","G"
"720","32","SEV","GILA_R","2020-06-13T00:00:00.000Z","DSCH","1141.17","G"
"720","32","SEV","GILA_R","2020-06-14T00:00:00.000Z","DSCH","1115.68","G"
"720","32","SEV","GILA_R","2020-06-15T00:00:00.000Z","DSCH","1073.21","G"
"720","32","SEV","GILA_R","2020-06-16T00:00:00.000Z","DSCH","1118.52","G"
"720","32","SEV","GILA_R","2020-06-17T00:00:00.000Z","DSCH","1076.04","G"
"720","32","SEV","GILA_R","2020-06-18T00:00:00.000Z","DSCH","928.79","G"
"720","32","SEV","GILA_R","2020-06-19T00:00:00.000Z","DSCH","880.65","G"
"720","32","SEV","GILA_R","2020-06-20T00:00:00.000Z","DSCH","835.35","G"
"720","32","SEV","GILA_R","2020-06-21T00:00:00.000Z","DSCH","792.87","G"
"720","32","SEV","GILA_R","2020-06-22T00:00:00.000Z","DSCH","739.07","G"
"720","32","SEV","GILA_R","2020-06-23T00:00:00.000Z","DSCH","688.10","G"
"720","32","SEV","GILA_R","2020-06-24T00:00:00.000Z","DSCH","656.95","G"
"720","32","SEV","GILA_R","2020-06-25T00:00:00.000Z","DSCH","625.80","G"
"720","32","SEV","GILA_R","2020-06-26T00:00:00.000Z","DSCH","631.47","G"
"720","32","SEV","GILA_R","2020-06-27T00:00:00.000Z","DSCH","631.47","G"
"720","32","SEV","GILA_R","2020-06-28T00:00:00.000Z","DSCH","625.80","G"
"720","32","SEV","GILA_R","2020-06-29T00:00:00.000Z","DSCH","594.65","G"
"720","32","SEV","GILA_R","2020-06-30T00:00:00.000Z","DSCH","560.67","G"
"720","32","SEV","GILA_R","2020-07-01T00:00:00.000Z","DSCH","543.68","G"
"720","32","SEV","GILA_R","2020-07-02T00:00:00.000Z","DSCH","523.86","G"
"720","32","SEV","GILA_R","2020-07-03T00:00:00.000Z","DSCH","577.66","G"
"720","32","SEV","GILA_R","2020-07-04T00:00:00.000Z","DSCH","563.51","G"
"720","32","SEV","GILA_R","2020-07-05T00:00:00.000Z","DSCH","526.69","G"
"720","32","SEV","GILA_R","2020-07-06T00:00:00.000Z","DSCH","518.20","G"
"720","32","SEV","GILA_R","2020-07-07T00:00:00.000Z","DSCH","512.53","G"
"720","32","SEV","GILA_R","2020-07-08T00:00:00.000Z","DSCH","487.05","G"
"720","32","SEV","GILA_R","2020-07-09T00:00:00.000Z","DSCH","455.90","G"
"720","32","SEV","GILA_R","2020-07-10T00:00:00.000Z","DSCH","455.90","G"
"720","32","SEV","GILA_R","2020-07-11T00:00:00.000Z","DSCH","467.23","G"
"720","32","SEV","GILA_R","2020-07-12T00:00:00.000Z","DSCH","512.53","G"
"720","32","SEV","GILA_R","2020-07-13T00:00:00.000Z","DSCH","501.21","G"
"720","32","SEV","GILA_R","2020-07-14T00:00:00.000Z","DSCH","478.55","G"
"720","32","SEV","GILA_R","2020-07-15T00:00:00.000Z","DSCH","458.73","G"
"720","32","SEV","GILA_R","2020-07-16T00:00:00.000Z","DSCH","481.39","G"
"720","32","SEV","GILA_R","2020-07-17T00:00:00.000Z","DSCH","543.68","G"
"720","32","SEV","GILA_R","2020-07-18T00:00:00.000Z","DSCH","637.13","G"
"720","32","SEV","GILA_R","2020-07-19T00:00:00.000Z","DSCH","699.43","G"
"720","32","SEV","GILA_R","2020-07-20T00:00:00.000Z","DSCH","781.55","G"
"720","32","SEV","GILA_R","2020-07-21T00:00:00.000Z","DSCH","784.38","G"
"720","32","SEV","GILA_R","2020-07-22T00:00:00.000Z","DSCH","940.12","G"
"720","32","SEV","GILA_R","2020-07-23T00:00:00.000Z","DSCH","1098.69","G"
"720","32","SEV","GILA_R","2020-07-24T00:00:00.000Z","DSCH","1214.79","G"
"720","32","SEV","GILA_R","2020-07-25T00:00:00.000Z","DSCH","1342.22","G"
"720","32","SEV","GILA_R","2020-07-26T00:00:00.000Z","DSCH","2304.99","G"
"720","32","SEV","GILA_R","2020-07-27T00:00:00.000Z","DSCH","5266.93","G"
"720","32","SEV","GILA_R","2020-07-28T00:00:00.000Z","DSCH","5408.52","G"
"720","32","SEV","GILA_R","2020-07-29T00:00:00.000Z","DSCH","4077.63","G"
"720","32","SEV","GILA_R","2020-07-30T00:00:00.000Z","DSCH","3398.02","G"
"720","32","SEV","GILA_R","2020-07-31T00:00:00.000Z","DSCH","2523.03","G"
